未来时间窗口,gbkcbfl,gbkolfl,glfcfl,gmolfl,gmtcfl,grtcfl,h1dncfl,h2dncfl,h2upcfl,hbkcbfl,hmcbfl,holfl,hrtc1fl,hrtc2fl,lbrfl,lbu1fli,lbufl,linvfl,linvfli,lmcbfl,lmrtfl,ovrldfl,smcbfl,solfl,srtcfl
未来一小时,0.377399,0.42249915,0.4123348,0.6124019,0.42463416,0.38840586,0.43980414,0.4522301,0.4229578,0.40159172,0.4018852,0.39545923,0.43591702,0.6057676,0.4327265,0.3950053,0.4082973,0.4060877,0.3809142,0.44701004,0.4184202,0.44036883,0.42128095,0.38106316,0.39092106
未来两小时,0.41050398,0.5704314,0.4244689,0.41127443,0.5822344,0.38549498,0.38044322,0.41365853,0.4232186,0.39827964,0.39048377,0.58666825,0.3979348,0.42300704,0.41250116,0.5933547,0.46809167,0.5677554,0.43465388,0.4469208,0.40969586,0.42025158,0.37308687,0.3897342,0.4273006
未来三小时,0.43574876,0.37978244,0.44404864,0.4013412,0.40242028,0.38111264,0.42188793,0.38314927,0.40876672,0.40495002,0.38540006,0.39837793,0.3889094,0.39917642,0.3999018,0.58306986,0.43636402,0.59861636,0.44532913,0.39302385,0.38971537,0.43963695,0.42178214,0.4482469,0.38776326
未来四小时,0.39555627,0.41969392,0.3797882,0.40327907,0.4221975,0.3772776,0.43569326,0.3884096,0.40881634,0.4200945,0.41065285,0.37826356,0.41992372,0.4445574,0.41188544,0.5757115,0.40819937,0.6131947,0.44424266,0.4244529,0.43615746,0.46202973,0.3866682,0.41055048,0.38250577
未来五小时,0.4108247,0.39442375,0.43543166,0.38648057,0.4459944,0.3975005,0.42350006,0.4067697,0.40576947,0.40173498,0.43947232,0.38977104,0.44183183,0.40185875,0.43513584,0.5886687,0.42592806,0.6078429,0.40407968,0.6337046,0.37680238,0.43825153,0.41376597,0.37966794,0.41546607
