未来时间窗口,gbkcbfl,gbkolfl,glfcfl,gmolfl,gmtcfl,grtcfl,h1dncfl,h2dncfl,h2upcfl,hbkcbfl,hmcbfl,holfl,hrtc1fl,hrtc2fl,lbrfl,lbu1fli,lbufl,linvfl,linvfli,lmcbfl,lmrtfl,ovrldfl,smcbfl,solfl,srtcfl
未来一小时,-0.015162276,-0.0018499005,0.015208928,0.32049084,-0.011871962,0.0039180834,-0.009660988,-0.023215503,-0.010201769,-0.0042316457,0.028701212,0.0061457306,0.010230734,0.33179754,-0.021724718,0.051840432,0.010957399,0.024343006,-0.004298134,-0.0040600384,0.008984288,0.007876628,0.008409778,-0.014656821,0.008518182
未来两小时,0.009562675,0.28533357,0.0006807931,0.21471897,0.16065791,-0.002289433,0.02145215,-0.0028699525,-0.0014214478,0.0032819044,-0.01718177,0.30117887,0.0051055998,0.107661076,0.0022498942,0.23770176,-0.0255371,0.35425815,-0.02084643,-0.0043325806,-0.009184159,0.04480039,-0.00904407,-0.042585608,0.008433466
未来三小时,0.016295293,0.0042806454,0.003361784,0.019969406,0.0053580683,0.0067515615,0.0001728274,0.001153247,-0.004233918,0.012251858,-0.011777831,0.058070906,-0.01818256,0.259983,0.0013755877,0.13659447,0.0069291666,0.29174465,-0.0020390097,0.016206894,0.01184335,0.037926182,0.012520649,0.03034021,0.009259973
未来四小时,-0.014462714,-0.011630373,0.007933734,-0.020856183,-0.02545696,-0.0343853,-0.029440437,0.004319541,0.023993095,-0.0042868936,-0.023848554,-0.024414407,0.02125582,0.19939607,-0.02416018,0.29230702,0.006517836,0.19747189,0.015445504,-0.011591917,-0.019660734,0.08707101,-0.0013977941,-0.02562363,0.02005989
未来五小时,-0.005867713,-0.030730568,-0.0032800643,-0.00209866,-0.017204981,0.010576107,-0.035592787,-0.0076451506,-0.016318558,0.01509013,-0.004617989,0.05698266,0.00037194695,0.047264032,-0.017170267,0.17039624,0.010077258,0.19211087,-0.0030134898,0.18700498,0.0005840202,0.09414176,-0.028949074,-0.017055254,0.013627715
